age,g,pa,ab,h,hr,rbi,so,ba,obp,slg,ops,ops_ps,tb
28,1,0,0,0,0,0,0,0.000,0.000,0.000,0.000,0,0
32,130,453,384,83,8,40,109,0.216,0.330,0.313,0.642,86,120
30,157,696,570,177,62,131,175,0.311,0.425,0.686,1.111,211,391
25,5,11,11,0,0,0,5,0.000,0.000,0.000,0.000,-100,0
33,15,37,35,9,1,2,12,0.257,0.297,0.400,0.697,92,14
25,109,352,324,60,10,35,65,0.185,0.239,0.324,0.563,63,105
26,15,54,50,7,0,3,20,0.140,0.204,0.140,0.344,0,7
33,86,315,287,61,12,36,101,0.213,0.276,0.401,0.677,87,115
30,119,260,245,55,2,17,76,0.224,0.269,0.310,0.579,64,76
30,156,602,541,129,3,42,73,0.238,0.301,0.311,0.612,80,168
26,14,25,21,5,0,2,7,0.238,0.333,0.238,0.571,66,5
24,113,470,398,101,13,42,86,0.254,0.362,0.445,0.806,128,177
29,156,657,605,151,27,101,183,0.250,0.300,0.456,0.756,113,276
25,2,0,0,0,0,0,0,0.000,0.000,0.000,0.000,0,0
34,138,527,489,120,14,56,98,0.245,0.292,0.389,0.681,91,190
23,73,225,201,41,2,9,64,0.204,0.289,0.269,0.558,65,54
26,35,125,118,32,4,17,31,0.271,0.312,0.424,0.736,95,50
26,1,0,0,0,0,0,0,0.000,0.000,0.000,0.000,0,0
26,1,0,0,0,0,0,0,0.000,0.000,0.000,0.000,0,0
28,64,235,215,48,5,29,46,0.223,0.282,0.349,0.631,71,75
42,109,351,307,83,24,68,55,0.270,0.345,0.550,0.895,154,169
35,40,131,124,27,0,8,32,0.218,0.260,0.282,0.542,58,35
25,152,631,586,164,13,72,110,0.280,0.315,0.398,0.713,100,233
23,16,53,48,9,1,3,9,0.188,0.264,0.271,0.535,56,13
30,1,0,0,0,0,0,0,0.000,0.000,0.000,0.000,0,0
31,92,327,305,74,12,38,53,0.243,0.287,0.403,0.691,95,123
23,139,541,470,134,14,63,58,0.285,0.372,0.415,0.786,126,195
26,59,156,145,38,1,10,21,0.262,0.314,0.331,0.645,76,48
22,113,411,381,88,8,39,74,0.231,0.275,0.344,0.619,76,131
28,155,656,548,142,23,93,77,0.259,0.366,0.454,0.820,133,249
27,160,685,597,162,40,131,128,0.271,0.352,0.518,0.869,146,309
27,153,599,529,116,35,89,121,0.219,0.306,0.461,0.767,115,244
27,157,666,586,160,34,95,161,0.273,0.356,0.519,0.875,145,304
33,1,0,0,0,0,0,0,0.000,0.000,0.000,0.000,0,0
32,13,36,33,4,1,2,9,0.121,0.194,0.212,0.407,14,7
26,5,12,12,3,0,0,7,0.250,0.250,0.250,0.500,44,3
24,45,156,144,36,3,21,36,0.250,0.290,0.361,0.651,88,52
26,152,644,593,166,11,74,86,0.280,0.328,0.405,0.732,102,240
25,101,287,251,59,3,25,87,0.235,0.322,0.307,0.628,80,77
26,153,670,637,180,11,71,111,0.283,0.312,0.403,0.715,106,257
27,152,647,574,138,33,89,122,0.240,0.318,0.455,0.773,117,261
32,34,85,75,13,0,7,13,0.173,0.244,0.187,0.431,25,14
23,146,557,491,146,17,69,112,0.297,0.371,0.466,0.837,141,229
30,1,0,0,0,0,0,0,0.000,0.000,0.000,0.000,0,0
27,145,614,542,142,27,62,141,0.262,0.345,0.461,0.807,126,250
27,137,578,508,132,24,87,96,0.260,0.343,0.465,0.807,120,236
27,136,590,522,152,22,64,121,0.291,0.366,0.467,0.834,140,244
30,16,46,39,5,0,4,12,0.128,0.239,0.154,0.393,15,6
30,14,42,35,5,0,4,9,0.143,0.262,0.171,0.433,27,6
30,11,35,31,4,0,2,9,0.129,0.229,0.161,0.390,13,5
30,2,4,4,0,0,0,3,0.000,0.000,0.000,0.000,-100,0
30,3,7,4,1,0,2,0,0.250,0.429,0.250,0.679,99,1
27,153,645,586,154,20,89,156,0.263,0.327,0.445,0.773,124,261
35,134,580,515,122,17,69,124,0.237,0.316,0.384,0.700,99,198
23,1,0,0,0,0,0,0,0.000,0.000,0.000,0.000,0,0
24,134,555,510,138,17,76,96,0.271,0.321,0.429,0.750,111,219
27,153,597,529,130,20,67,158,0.246,0.327,0.414,0.741,98,219
29,40,128,119,26,1,9,21,0.218,0.273,0.277,0.551,59,33
27,140,613,551,151,20,83,94,0.274,0.338,0.436,0.774,125,240
34,1,0,0,0,0,0,0,0.000,0.000,0.000,0.000,0,0
34,1,0,0,0,0,0,0,0.000,0.000,0.000,0.000,0,0
32,22,59,52,6,1,1,17,0.115,0.207,0.212,0.418,20,11
32,47,193,166,38,5,24,35,0.229,0.326,0.380,0.706,101,63
32,130,548,465,104,32,75,101,0.224,0.338,0.480,0.817,131,223
27,148,612,537,134,18,66,124,0.250,0.332,0.426,0.759,120,229
29,47,115,108,23,1,4,34,0.213,0.248,0.259,0.507,38,28
28,80,276,259,51,10,30,101,0.197,0.246,0.363,0.609,63,94
28,5,16,14,1,0,0,9,0.071,0.188,0.071,0.259,-20,1
32,62,212,179,38,8,26,37,0.212,0.324,0.380,0.704,94,68
28,3,9,8,3,0,0,0,0.375,0.444,0.375,0.819,136,3
26,145,582,535,134,16,60,114,0.250,0.306,0.413,0.719,103,221
29,105,338,294,48,7,30,78,0.163,0.241,0.248,0.489,42,73
27,158,641,573,155,17,72,149,0.271,0.342,0.440,0.781,119,252
32,110,397,347,87,4,40,60,0.251,0.321,0.329,0.649,91,114
25,159,693,615,168,38,93,168,0.273,0.349,0.528,0.878,142,325
33,51,136,129,20,3,9,46,0.155,0.187,0.248,0.435,19,32
33,48,127,121,18,3,9,43,0.149,0.183,0.248,0.430,17,30
33,37,99,95,14,3,9,36,0.147,0.173,0.263,0.437,17,25
33,3,9,8,2,0,0,3,0.250,0.250,0.250,0.500,43,2
33,11,28,26,4,0,0,7,0.154,0.214,0.192,0.407,19,5
29,125,325,277,73,7,34,89,0.264,0.366,0.408,0.774,119,113
31,65,177,162,42,3,21,38,0.259,0.313,0.358,0.671,90,58
31,98,380,357,80,8,35,109,0.224,0.266,0.317,0.582,65,113
27,156,672,608,157,16,64,126,0.258,0.318,0.403,0.721,104,245
30,115,423,371,86,9,46,98,0.232,0.324,0.369,0.693,96,137
31,37,23,20,1,0,0,12,0.050,0.136,0.050,0.186,-43,1
31,20,15,13,1,0,0,8,0.077,0.143,0.077,0.220,-35,1
31,17,8,7,0,0,0,4,0.000,0.125,0.000,0.125,-59,0
27,127,450,406,92,16,48,87,0.227,0.298,0.399,0.697,98,162
26,39,123,113,20,1,7,31,0.177,0.244,0.265,0.509,44,30
24,159,697,652,189,24,93,155,0.290,0.333,0.469,0.802,127,306
22,5,8,8,0,0,0,5,0.000,0.000,0.000,0.000,-100,0
26,8,17,17,2,0,0,9,0.118,0.118,0.118,0.235,-31,2
27,72,248,215,56,15,44,44,0.260,0.339,0.516,0.855,141,111
22,150,632,591,150,20,80,135,0.254,0.294,0.428,0.722,102,253
32,81,241,222,47,7,32,70,0.212,0.270,0.320,0.590,69,71
29,109,117,105,13,2,5,45,0.124,0.207,0.229,0.435,25,24
29,100,101,89,9,2,5,41,0.101,0.200,0.213,0.413,19,19
29,9,16,16,4,0,0,4,0.250,0.250,0.313,0.563,58,5
34,78,298,254,54,8,23,81,0.213,0.326,0.350,0.676,92,89
35,118,458,407,94,9,52,98,0.231,0.308,0.344,0.652,85,140
30,5,14,14,3,0,1,5,0.214,0.214,0.286,0.500,45,4
29,138,568,518,136,28,87,126,0.263,0.320,0.492,0.813,122,255
29,92,385,350,96,20,59,84,0.274,0.335,0.520,0.855,128,182
29,46,183,168,40,8,28,42,0.238,0.290,0.435,0.724,109,73
26,1,0,0,0,0,0,0,0.000,0.000,0.000,0.000,0,0
27,96,383,334,76,14,58,103,0.228,0.308,0.392,0.700,101,131
24,134,461,424,104,11,52,158,0.245,0.295,0.384,0.679,91,163
24,93,323,292,66,8,37,117,0.226,0.284,0.353,0.637,80,103
24,41,138,132,38,3,15,41,0.288,0.319,0.455,0.773,116,60
29,151,673,580,159,16,64,116,0.274,0.367,0.433,0.800,130,251
25,126,468,391,110,5,45,70,0.281,0.394,0.379,0.773,126,148
25,137,581,527,140,13,63,101,0.266,0.325,0.408,0.733,96,215
24,3,11,10,2,0,0,3,0.200,0.273,0.200,0.473,42,2
27,111,446,397,104,14,46,110,0.262,0.336,0.433,0.770,116,172
27,119,407,359,88,14,44,106,0.245,0.332,0.407,0.738,110,146
27,153,630,577,153,13,57,111,0.265,0.324,0.400,0.725,108,231
22,11,42,38,7,2,5,8,0.184,0.244,0.342,0.586,67,13
27,150,533,494,109,13,50,147,0.221,0.267,0.379,0.646,81,187
28,83,225,201,29,5,15,94,0.144,0.217,0.249,0.466,36,50
28,75,208,184,27,5,14,85,0.147,0.225,0.250,0.475,40,46
28,8,17,17,2,0,1,9,0.118,0.118,0.235,0.353,-3,4
26,6,4,4,0,0,0,4,0.000,0.000,0.000,0.000,-100,0
29,98,383,338,75,8,28,101,0.222,0.311,0.346,0.657,87,117
28,2,4,3,1,0,0,2,0.333,0.500,0.333,0.833,152,1
27,94,383,346,73,13,34,104,0.211,0.287,0.376,0.663,92,130
25,115,355,329,83,13,43,90,0.252,0.294,0.432,0.725,103,142
23,6,15,12,1,0,0,4,0.083,0.267,0.083,0.350,8,1
27,104,433,397,84,12,51,114,0.212,0.273,0.353,0.626,76,140
34,1,0,0,0,0,0,0,0.000,0.000,0.000,0.000,0,0
29,99,426,370,106,18,65,87,0.286,0.364,0.514,0.877,145,190
26,11,19,18,2,0,2,7,0.111,0.158,0.111,0.269,-22,2
24,127,466,427,100,10,49,89,0.234,0.295,0.358,0.653,84,153
24,55,181,170,45,1,9,56,0.265,0.302,0.312,0.613,77,53
23,30,94,83,18,1,12,23,0.217,0.287,0.325,0.613,75,27
28,92,382,340,76,28,51,116,0.224,0.306,0.526,0.833,135,179
32,150,632,575,148,29,102,164,0.257,0.315,0.468,0.783,107,269
25,119,415,370,78,27,63,122,0.211,0.284,0.489,0.774,122,181
25,23,71,60,10,0,1,23,0.167,0.261,0.217,0.478,42,13
27,117,353,317,68,12,39,118,0.215,0.283,0.369,0.652,80,117
35,2,0,0,0,0,0,0,0.000,0.000,0.000,0.000,0,0
23,69,232,212,48,5,17,52,0.226,0.286,0.349,0.635,79,74
29,18,47,42,9,0,5,13,0.214,0.267,0.333,0.600,69,14
23,3,7,5,1,0,0,0,0.200,0.429,0.400,0.829,137,2
27,68,247,216,56,12,28,54,0.259,0.344,0.468,0.812,118,101
29,1,0,0,0,0,0,0,0.000,0.000,0.000,0.000,0,0
25,1,0,0,0,0,0,0,0.000,0.000,0.000,0.000,0,0
25,7,18,18,4,0,2,2,0.222,0.222,0.333,0.556,55,6
36,131,506,431,87,19,60,88,0.202,0.316,0.376,0.692,100,162
36,79,294,255,49,15,39,60,0.192,0.293,0.400,0.693,101,102
36,52,212,176,38,4,21,28,0.216,0.349,0.341,0.690,97,60
27,125,349,322,63,9,28,119,0.196,0.236,0.304,0.540,53,98
27,67,234,209,51,9,30,51,0.244,0.316,0.416,0.733,104,87
27,84,275,242,53,8,29,92,0.219,0.300,0.397,0.697,92,96
32,147,617,560,139,1,34,114,0.248,0.311,0.318,0.629,84,178
30,111,379,361,85,12,42,118,0.235,0.263,0.385,0.648,86,139
30,12,40,35,5,1,4,9,0.143,0.231,0.257,0.488,39,9
27,65,266,235,52,8,25,61,0.221,0.308,0.383,0.691,102,90
26,48,169,156,41,4,11,53,0.263,0.320,0.404,0.723,104,63
35,135,577,530,140,16,78,109,0.264,0.314,0.419,0.733,95,222
33,68,124,115,29,2,12,31,0.252,0.283,0.357,0.640,83,41
27,135,491,449,120,7,51,68,0.267,0.322,0.370,0.692,99,166
31,1,0,0,0,0,0,0,0.000,0.000,0.000,0.000,0,0
36,1,0,0,0,0,0,0,0.000,0.000,0.000,0.000,0,0
36,1,0,0,0,0,0,0,0.000,0.000,0.000,0.000,0,0
27,104,354,317,67,7,35,71,0.211,0.282,0.334,0.617,76,106
30,26,68,56,6,0,0,24,0.107,0.254,0.143,0.397,17,8
31,118,454,402,89,10,43,160,0.221,0.304,0.373,0.677,86,150
27,145,603,518,126,6,42,80,0.243,0.339,0.336,0.675,100,174
30,100,333,318,80,11,34,80,0.252,0.283,0.409,0.692,100,130
30,44,151,149,38,7,15,39,0.255,0.265,0.436,0.701,101,65
30,56,182,169,42,4,19,41,0.249,0.298,0.385,0.683,98,65
29,4,10,9,0,0,0,5,0.000,0.100,0.000,0.100,-67,0
31,119,426,398,109,9,52,69,0.274,0.315,0.399,0.714,99,159
31,84,318,294,83,8,42,51,0.282,0.327,0.432,0.759,109,127
31,35,108,104,26,1,10,18,0.250,0.278,0.308,0.585,68,32
31,160,667,583,141,36,94,131,0.242,0.327,0.477,0.804,126,278
30,154,671,575,145,14,57,162,0.252,0.355,0.383,0.738,111,220
23,113,425,379,89,16,47,137,0.235,0.308,0.433,0.741,107,164
27,120,435,403,121,6,58,72,0.300,0.343,0.404,0.747,119,163
26,2,0,0,0,0,0,0,0.000,0.000,0.000,0.000,0,0
21,90,302,284,70,2,21,50,0.246,0.280,0.324,0.604,76,92
21,46,139,125,29,2,11,27,0.232,0.285,0.320,0.605,77,40
21,44,163,159,41,0,10,23,0.258,0.276,0.327,0.603,75,52
26,1,0,0,0,0,0,0,0.000,0.000,0.000,0.000,0,0
26,144,550,504,106,19,68,150,0.210,0.265,0.389,0.654,78,196
27,97,303,257,52,6,24,85,0.202,0.318,0.350,0.668,92,90
32,1,0,0,0,0,0,0,0.000,0.000,0.000,0.000,0,0
25,18,63,63,11,0,2,25,0.175,0.175,0.222,0.397,11,14
29,42,128,109,23,5,23,30,0.211,0.305,0.376,0.681,84,41
26,2,0,0,0,0,0,0,0.000,0.000,0.000,0.000,0,0
25,22,59,52,16,3,11,10,0.308,0.356,0.519,0.875,151,27
25,13,40,35,13,2,9,8,0.371,0.425,0.600,1.025,196,21
25,9,19,17,3,1,2,2,0.176,0.211,0.353,0.563,59,6
29,111,467,404,96,7,28,97,0.238,0.338,0.359,0.697,88,145
26,27,56,48,9,1,7,16,0.188,0.273,0.313,0.585,63,15
27,87,300,280,80,6,36,49,0.286,0.322,0.414,0.736,103,116
21,32,115,104,27,4,14,31,0.260,0.330,0.500,0.830,133,52
33,96,297,281,75,6,36,48,0.267,0.300,0.399,0.698,100,112
28,151,663,593,145,33,83,103,0.245,0.317,0.455,0.772,119,270
31,1,0,0,0,0,0,0,0.000,0.000,0.000,0.000,0,0
34,1,0,0,0,0,0,0,0.000,0.000,0.000,0.000,0,0
23,91,260,241,40,3,18,70,0.166,0.218,0.241,0.459,34,58
33,57,176,148,30,5,17,50,0.203,0.318,0.331,0.649,86,49
33,41,126,108,25,4,14,36,0.231,0.325,0.370,0.696,97,40
33,16,50,40,5,1,3,14,0.125,0.300,0.225,0.525,58,9
29,5,7,7,2,0,2,4,0.286,0.286,0.286,0.571,63,2
26,14,28,21,7,1,5,7,0.333,0.500,0.476,0.976,179,10
37,3,0,0,0,0,0,0,0.000,0.000,0.000,0.000,0,0
25,1,0,0,0,0,0,0,0.000,0.000,0.000,0.000,0,0
29,1,0,0,0,0,0,0,0.000,0.000,0.000,0.000,0,0
29,1,0,0,0,0,0,0,0.000,0.000,0.000,0.000,0,0
29,130,461,386,92,18,59,114,0.238,0.360,0.433,0.793,125,167
29,75,278,237,54,12,34,67,0.228,0.338,0.430,0.769,116,102
29,55,183,149,38,6,25,47,0.255,0.393,0.436,0.830,139,65
27,62,205,187,38,6,16,44,0.203,0.261,0.332,0.593,58,62
28,31,106,97,28,3,15,23,0.289,0.343,0.443,0.786,121,43
28,162,696,640,177,25,96,182,0.277,0.329,0.447,0.776,115,286
26,41,142,136,34,9,16,44,0.250,0.282,0.522,0.804,121,71
35,118,388,334,68,11,45,105,0.204,0.307,0.338,0.645,83,113
35,90,314,268,58,11,38,85,0.216,0.328,0.373,0.701,98,100
35,28,74,66,10,0,7,20,0.152,0.216,0.197,0.413,20,13
25,151,592,531,125,27,74,145,0.235,0.302,0.443,0.745,109,235
26,1,0,0,0,0,0,0,0.000,0.000,0.000,0.000,0,0
27,30,91,81,20,6,20,30,0.247,0.319,0.506,0.825,132,41
29,41,127,116,30,4,12,45,0.259,0.315,0.431,0.746,109,50
28,61,228,216,55,2,17,16,0.255,0.288,0.333,0.621,77,72
26,16,34,29,10,1,5,6,0.345,0.441,0.586,1.027,191,17
27,126,521,461,140,5,51,77,0.304,0.373,0.399,0.772,120,184
27,110,420,373,86,5,25,76,0.231,0.296,0.306,0.601,64,114
27,104,265,243,52,5,24,30,0.214,0.252,0.313,0.565,60,76
34,134,490,439,110,12,59,114,0.251,0.316,0.415,0.731,109,182
34,87,310,278,69,12,41,74,0.248,0.316,0.460,0.777,118,128
34,47,180,161,41,0,18,40,0.255,0.317,0.335,0.652,92,54
36,1,0,0,0,0,0,0,0.000,0.000,0.000,0.000,0,0
37,2,1,1,0,0,0,1,0.000,0.000,0.000,0.000,-100,0
37,2,1,1,0,0,0,1,0.000,0.000,0.000,0.000,-100,0
25,52,181,156,36,9,24,58,0.231,0.331,0.455,0.787,120,71
25,21,70,64,14,1,8,20,0.219,0.286,0.344,0.629,83,22
34,22,59,59,18,0,2,8,0.305,0.305,0.356,0.661,92,21
26,31,92,83,19,1,3,28,0.229,0.270,0.289,0.559,64,24
24,39,125,116,24,5,20,55,0.207,0.264,0.388,0.652,88,45
31,5,6,6,0,0,0,3,0.000,0.000,0.000,0.000,-100,0
32,63,232,214,45,1,19,36,0.210,0.263,0.304,0.567,60,65
24,96,283,262,54,11,29,75,0.206,0.251,0.382,0.633,76,100
28,2,0,0,0,0,0,0,0.000,0.000,0.000,0.000,0,0
28,2,0,0,0,0,0,0,0.000,0.000,0.000,0.000,0,0
29,8,14,11,1,0,0,6,0.091,0.286,0.091,0.377,15,1
30,5,17,15,3,0,0,5,0.200,0.294,0.200,0.494,44,3
33,125,541,467,122,12,46,71,0.261,0.357,0.377,0.734,111,176
28,3,3,3,0,0,0,2,0.000,0.000,0.000,0.000,-100,0
27,57,185,166,33,5,14,52,0.199,0.273,0.361,0.635,78,60
27,47,131,114,27,5,13,30,0.237,0.336,0.412,0.748,116,47
26,3,4,3,0,0,0,1,0.000,0.250,0.000,0.250,-20,0
34,80,304,278,79,4,24,61,0.284,0.339,0.385,0.724,97,107
28,25,78,76,12,1,8,16,0.158,0.179,0.303,0.482,33,23
28,24,78,76,12,1,8,16,0.158,0.179,0.303,0.482,33,23
28,1,0,0,0,0,0,0,0.000,0.000,0.000,0.000,0,0
26,7,17,16,3,0,1,7,0.188,0.235,0.250,0.485,40,4
26,6,14,13,2,0,1,6,0.154,0.214,0.231,0.445,27,3
26,1,3,3,1,0,0,1,0.333,0.333,0.333,0.667,97,1
28,3,3,3,0,0,0,1,0.000,0.000,0.000,0.000,-100,0
31,1,0,0,0,0,0,0,0.000,0.000,0.000,0.000,0,0
23,32,109,96,23,5,18,40,0.240,0.324,0.479,0.803,124,46
34,8,11,10,3,0,1,4,0.300,0.364,0.400,0.764,124,4
23,128,488,432,102,8,42,94,0.236,0.316,0.380,0.695,100,164
25,4,0,0,0,0,0,0,0.000,0.000,0.000,0.000,0,0
31,1,0,0,0,0,0,0,0.000,0.000,0.000,0.000,0,0
29,104,255,205,46,6,24,75,0.224,0.368,0.385,0.753,122,79
30,80,270,250,53,5,24,68,0.212,0.259,0.328,0.587,64,82
32,14,27,25,4,0,3,9,0.160,0.154,0.160,0.314,-13,4
26,78,190,176,40,2,21,50,0.227,0.275,0.369,0.644,83,65
26,25,59,54,17,2,13,12,0.315,0.345,0.593,0.937,159,32
26,53,131,122,23,0,8,38,0.189,0.244,0.270,0.515,49,33
33,136,542,495,119,20,69,129,0.240,0.295,0.430,0.726,106,213
26,53,174,161,46,4,15,36,0.286,0.333,0.410,0.743,110,66
28,2,0,0,0,0,0,0,0.000,0.000,0.000,0.000,0,0
28,27,92,86,21,7,17,36,0.244,0.293,0.500,0.793,114,43
22,7,6,5,1,0,0,2,0.200,0.333,0.200,0.533,62,1
32,37,110,97,17,0,7,25,0.175,0.264,0.206,0.470,39,20
32,31,94,84,15,0,7,22,0.179,0.255,0.202,0.458,36,17
32,6,16,13,2,0,0,3,0.154,0.313,0.231,0.543,56,3
23,53,185,176,41,6,20,60,0.233,0.270,0.432,0.702,85,76
28,47,117,105,21,3,10,41,0.200,0.274,0.305,0.578,66,32
31,105,381,351,80,9,51,82,0.228,0.281,0.368,0.648,73,129
27,35,115,102,25,5,13,26,0.245,0.330,0.441,0.772,122,45
25,84,327,292,86,16,54,72,0.295,0.358,0.500,0.858,140,146
33,149,577,535,133,17,58,92,0.249,0.303,0.404,0.707,103,216
33,43,191,181,49,9,28,30,0.271,0.309,0.464,0.773,116,84
33,106,386,354,84,8,30,62,0.237,0.301,0.373,0.673,96,132
26,102,359,330,77,12,40,83,0.233,0.292,0.409,0.702,97,135
26,63,211,198,47,6,22,46,0.237,0.284,0.399,0.683,91,79
26,39,148,132,30,6,18,37,0.227,0.304,0.424,0.728,105,56
31,11,8,8,1,0,0,0,0.125,0.125,0.125,0.250,-28,1
30,93,402,361,80,6,45,71,0.222,0.291,0.338,0.629,75,122
26,1,0,0,0,0,0,0,0.000,0.000,0.000,0.000,0,0
29,110,351,323,82,14,44,97,0.254,0.305,0.443,0.748,115,143
32,104,419,380,102,8,44,64,0.268,0.334,0.382,0.716,108,145
32,90,369,335,91,8,40,55,0.272,0.336,0.391,0.727,113,131
32,14,50,45,11,0,4,9,0.244,0.320,0.311,0.631,77,14
30,16,41,37,7,0,3,12,0.189,0.268,0.216,0.485,40,8
26,69,179,163,30,0,6,26,0.184,0.243,0.209,0.452,33,34
26,63,161,145,29,0,6,24,0.200,0.264,0.221,0.485,43,32
26,6,18,18,1,0,0,2,0.056,0.056,0.111,0.167,-53,2
30,14,47,40,11,0,3,9,0.275,0.370,0.275,0.645,87,11
23,17,36,35,6,0,2,7,0.171,0.194,0.257,0.452,30,9
23,14,27,27,6,0,2,5,0.222,0.222,0.333,0.556,60,9
23,3,9,8,0,0,0,2,0.000,0.111,0.000,0.111,-64,0
24,17,35,31,3,0,1,13,0.097,0.200,0.097,0.297,-11,3
30,150,629,543,128,31,87,196,0.236,0.332,0.459,0.791,129,249
36,89,298,266,65,14,42,83,0.244,0.315,0.451,0.767,114,120
27,24,74,65,18,5,16,26,0.277,0.365,0.554,0.919,159,36
23,58,220,208,49,5,25,54,0.236,0.277,0.365,0.643,83,76
20,9,35,33,7,1,2,9,0.212,0.257,0.333,0.590,57,11
27,142,531,483,126,4,48,72,0.261,0.314,0.327,0.642,84,158
25,7,22,18,2,1,6,3,0.111,0.182,0.278,0.460,28,5
27,89,363,336,92,4,47,68,0.274,0.325,0.375,0.700,105,126
20,5,14,12,2,1,1,4,0.167,0.286,0.500,0.786,121,6
28,161,706,630,170,26,107,133,0.270,0.339,0.449,0.788,125,283
26,93,299,289,70,6,31,65,0.242,0.264,0.381,0.645,87,110
30,75,292,271,62,8,36,58,0.229,0.277,0.358,0.635,78,97
26,118,473,438,97,14,47,157,0.221,0.273,0.365,0.638,81,160
26,70,280,263,56,9,28,104,0.213,0.254,0.350,0.603,73,92
26,48,193,175,41,5,19,53,0.234,0.301,0.389,0.689,93,68
32,159,708,612,199,21,100,102,0.325,0.407,0.511,0.918,152,313
27,96,293,260,56,4,25,62,0.215,0.301,0.300,0.601,75,78
22,16,57,47,9,1,5,16,0.191,0.321,0.319,0.641,87,15
22,25,73,69,22,1,7,8,0.319,0.356,0.377,0.733,111,26
31,119,469,414,108,9,50,119,0.261,0.337,0.415,0.752,113,172
27,89,293,271,58,4,26,80,0.214,0.273,0.288,0.561,65,78
23,28,68,61,19,2,9,28,0.311,0.373,0.459,0.832,136,28
29,46,121,106,28,5,16,30,0.264,0.350,0.462,0.812,128,49
29,128,471,419,86,16,61,136,0.205,0.282,0.377,0.659,89,158
24,129,471,421,116,6,42,95,0.276,0.346,0.399,0.745,105,168
26,124,410,377,91,15,53,86,0.241,0.295,0.411,0.706,98,155
32,133,583,513,137,25,76,100,0.267,0.342,0.472,0.814,131,242
22,148,500,431,84,5,40,103,0.195,0.285,0.262,0.547,58,113
32,110,452,398,84,31,78,137,0.211,0.297,0.462,0.759,113,184
23,122,347,311,74,2,24,77,0.238,0.313,0.302,0.615,80,94
30,144,551,501,143,13,64,96,0.285,0.338,0.429,0.767,121,215
25,140,572,526,135,24,76,129,0.257,0.310,0.451,0.761,114,237
27,55,128,121,25,4,16,29,0.207,0.242,0.372,0.614,75,45
29,2,8,6,1,0,0,3,0.167,0.375,0.167,0.542,63,1
29,46,134,118,22,2,8,42,0.186,0.260,0.271,0.531,51,32
31,74,82,76,12,3,8,32,0.158,0.220,0.342,0.562,55,26
21,34,132,116,30,4,18,34,0.259,0.348,0.440,0.788,123,51
26,150,582,517,130,11,59,100,0.251,0.325,0.383,0.708,107,198
29,73,159,156,38,2,15,25,0.244,0.258,0.365,0.623,70,57
28,120,443,420,114,7,47,79,0.271,0.300,0.381,0.681,98,160
27,54,127,120,25,4,16,28,0.208,0.244,0.375,0.619,76,45
28,86,313,292,73,5,30,62,0.250,0.294,0.356,0.650,87,104
28,72,264,246,63,5,21,47,0.256,0.303,0.370,0.673,94,91
28,14,49,46,10,0,9,15,0.217,0.245,0.283,0.528,51,13
22,9,22,20,2,0,0,6,0.100,0.182,0.100,0.282,-17,2
26,23,60,51,11,2,6,15,0.216,0.276,0.373,0.648,82,19
30,128,500,462,109,12,41,125,0.236,0.292,0.387,0.679,91,179
30,125,522,474,121,29,72,121,0.255,0.315,0.492,0.807,126,233
33,1,0,0,0,0,0,0,0.000,0.000,0.000,0.000,0,0
27,47,171,155,32,4,12,48,0.206,0.272,0.361,0.633,78,56
37,1,0,0,0,0,0,0,0.000,0.000,0.000,0.000,0,0
30,63,222,209,55,4,23,23,0.263,0.299,0.392,0.691,98,82
30,53,196,186,52,3,19,21,0.280,0.308,0.398,0.706,103,74
30,10,26,23,3,1,4,2,0.130,0.231,0.348,0.579,61,8
23,111,381,331,68,20,45,67,0.205,0.304,0.435,0.740,114,144
27,36,108,97,15,4,11,41,0.155,0.231,0.320,0.551,56,31
22,4,14,13,1,0,0,7,0.077,0.143,0.077,0.220,-33,1
22,11,22,18,2,0,1,8,0.111,0.190,0.111,0.302,-9,2
29,1,0,0,0,0,0,0,0.000,0.000,0.000,0.000,0,0
29,115,365,318,79,12,35,122,0.248,0.340,0.418,0.758,115,133
29,49,158,137,36,8,14,56,0.263,0.361,0.496,0.857,140,68
29,66,207,181,43,4,21,66,0.238,0.324,0.359,0.683,97,65
34,139,596,533,146,16,62,145,0.274,0.341,0.448,0.790,117,239
26,32,71,67,14,2,5,25,0.209,0.254,0.328,0.582,65,22
27,26,79,72,14,4,10,31,0.194,0.266,0.417,0.682,92,30
31,139,562,504,139,22,84,119,0.276,0.342,0.478,0.820,129,241
32,112,328,288,68,8,34,85,0.236,0.316,0.382,0.698,98,110
27,93,390,347,111,3,39,52,0.320,0.387,0.398,0.785,124,138
31,23,74,70,13,1,6,17,0.186,0.230,0.271,0.501,42,19
23,106,372,326,66,19,38,114,0.202,0.298,0.411,0.709,98,134
32,131,370,344,70,4,38,77,0.203,0.255,0.311,0.566,58,107
32,91,290,271,57,3,29,58,0.210,0.257,0.321,0.578,60,87
32,40,80,73,13,1,9,19,0.178,0.250,0.274,0.524,51,20
27,92,336,315,80,3,34,77,0.254,0.289,0.362,0.651,89,114
28,1,0,0,0,0,0,0,0.000,0.000,0.000,0.000,0,0
32,114,384,346,77,4,34,83,0.223,0.292,0.292,0.584,67,101
26,51,183,168,42,8,26,56,0.250,0.302,0.458,0.761,112,77
29,54,177,164,35,5,20,49,0.213,0.260,0.384,0.644,84,63
28,158,684,587,140,17,88,131,0.239,0.332,0.390,0.722,111,229
27,89,274,249,67,3,22,56,0.269,0.307,0.369,0.677,90,92
29,28,59,50,12,0,3,17,0.240,0.345,0.280,0.625,82,14
31,41,111,97,21,3,6,38,0.216,0.315,0.392,0.707,98,38
31,25,77,67,16,2,4,24,0.239,0.338,0.433,0.770,111,29
31,16,34,30,5,1,2,14,0.167,0.265,0.300,0.565,66,9
31,31,82,77,18,2,6,24,0.234,0.272,0.390,0.661,84,30
24,99,354,321,91,8,43,76,0.283,0.342,0.427,0.769,118,137
26,52,160,150,34,1,15,54,0.227,0.269,0.313,0.582,66,47
29,2,0,0,0,0,0,0,0.000,0.000,0.000,0.000,0,0
29,1,0,0,0,0,0,0,0.000,0.000,0.000,0.000,0,0
29,1,0,0,0,0,0,0,0.000,0.000,0.000,0.000,0,0
29,1,0,0,0,0,0,0,0.000,0.000,0.000,0.000,0,0
28,1,0,0,0,0,0,0,0.000,0.000,0.000,0.000,0,0
32,61,191,174,34,3,18,46,0.195,0.257,0.282,0.538,55,49
25,4,16,13,6,1,3,7,0.462,0.563,0.846,1.409,282,11
28,118,454,423,91,15,44,138,0.215,0.269,0.374,0.642,81,158
26,6,22,19,5,0,0,7,0.263,0.364,0.368,0.732,108,7
22,54,181,163,23,7,17,61,0.141,0.221,0.313,0.534,55,51
25,58,223,204,45,3,17,63,0.221,0.283,0.363,0.645,78,74
35,34,88,78,9,1,3,40,0.115,0.205,0.179,0.384,11,14
27,83,216,197,41,3,16,26,0.208,0.254,0.294,0.548,56,58
32,48,151,137,28,1,10,32,0.204,0.278,0.277,0.556,58,38
33,3,10,8,1,0,0,3,0.125,0.300,0.125,0.425,27,1
28,36,111,98,26,4,12,29,0.265,0.342,0.469,0.812,127,46
29,144,590,555,132,17,67,147,0.238,0.278,0.393,0.671,93,218
27,66,201,176,31,3,17,64,0.176,0.274,0.307,0.580,66,54
24,60,241,213,54,14,45,66,0.254,0.325,0.535,0.860,139,114
32,98,387,354,98,10,33,58,0.277,0.336,0.387,0.723,104,137
38,50,184,167,30,3,16,39,0.180,0.245,0.263,0.508,49,44
29,1,0,0,0,0,0,0,0.000,0.000,0.000,0.000,0,0
30,148,589,533,174,9,62,61,0.326,0.382,0.454,0.836,140,242
28,124,467,429,93,13,50,109,0.217,0.272,0.361,0.633,83,155
24,23,81,77,14,3,14,32,0.182,0.210,0.338,0.548,52,26
24,136,558,521,132,22,63,135,0.253,0.289,0.426,0.715,101,222
25,30,77,70,10,2,6,27,0.143,0.184,0.229,0.413,19,16
32,129,507,464,109,16,51,119,0.235,0.281,0.379,0.661,86,176
32,113,456,415,98,15,49,106,0.236,0.286,0.388,0.674,89,161
32,16,51,49,11,1,2,13,0.224,0.240,0.306,0.546,54,15
24,98,343,313,67,13,36,92,0.214,0.280,0.403,0.682,91,126
28,136,547,456,100,14,53,103,0.219,0.344,0.344,0.688,103,157
23,14,41,39,6,1,4,21,0.154,0.171,0.256,0.427,17,10
32,1,0,0,0,0,0,0,0.000,0.000,0.000,0.000,0,0
32,1,0,0,0,0,0,0,0.000,0.000,0.000,0.000,0,0
24,3,0,0,0,0,0,0,0.000,0.000,0.000,0.000,0,0
22,10,37,33,11,0,6,6,0.333,0.405,0.424,0.830,136,14
31,113,419,356,83,11,52,123,0.233,0.341,0.388,0.729,114,138
27,67,192,171,32,3,14,45,0.187,0.266,0.292,0.558,58,50
24,65,238,204,34,5,16,67,0.167,0.277,0.309,0.586,67,63
23,88,285,268,60,8,27,107,0.224,0.264,0.373,0.637,79,100
30,134,433,380,104,23,70,100,0.274,0.353,0.521,0.874,144,198
26,1,0,0,0,0,0,0,0.000,0.000,0.000,0.000,0,0
26,3,11,10,3,1,1,3,0.300,0.364,0.700,1.064,193,7
31,1,0,0,0,0,0,0,0.000,0.000,0.000,0.000,0,0
22,1,1,1,0,0,0,1,0.000,0.000,0.000,0.000,-100,0
27,35,95,82,17,3,4,19,0.207,0.309,0.329,0.638,84,27
28,2,0,0,0,0,0,0,0.000,0.000,0.000,0.000,0,0
28,1,0,0,0,0,0,0,0.000,0.000,0.000,0.000,0,0
28,1,0,0,0,0,0,0,0.000,0.000,0.000,0.000,0,0
30,2,0,0,0,0,0,0,0.000,0.000,0.000,0.000,0,0
25,97,291,261,56,11,25,112,0.215,0.296,0.364,0.660,86,95
28,126,410,350,56,19,47,163,0.160,0.280,0.357,0.638,79,125
28,82,273,233,37,12,24,106,0.159,0.282,0.339,0.621,77,79
28,44,137,117,19,7,23,57,0.162,0.277,0.393,0.671,83,46
29,1,0,0,0,0,0,0,0.000,0.000,0.000,0.000,0,0
30,56,240,222,72,13,34,52,0.324,0.367,0.563,0.930,165,125
38,91,376,322,66,11,41,97,0.205,0.319,0.370,0.689,87,119
32,101,371,347,90,3,32,50,0.259,0.297,0.360,0.658,86,125
28,52,166,152,36,3,15,37,0.237,0.297,0.316,0.613,74,48
25,1,0,0,0,0,0,0,0.000,0.000,0.000,0.000,0,0
25,1,0,0,0,0,0,0,0.000,0.000,0.000,0.000,0,0
32,102,404,358,86,4,28,89,0.240,0.324,0.338,0.662,89,121
26,58,187,162,33,1,6,32,0.204,0.301,0.247,0.548,63,40
27,36,108,98,33,3,12,23,0.337,0.377,0.500,0.877,142,49
23,15,41,38,5,1,5,12,0.132,0.150,0.211,0.361,1,8
23,9,29,28,5,1,4,9,0.179,0.207,0.286,0.493,39,8
23,6,12,10,0,0,1,3,0.000,0.000,0.000,0.000,-100,0
24,32,87,78,15,2,6,23,0.192,0.276,0.321,0.596,75,25
30,37,91,76,17,0,4,26,0.224,0.344,0.237,0.581,71,18
25,103,431,386,96,10,41,94,0.249,0.327,0.378,0.705,91,146
27,28,61,58,7,3,6,21,0.121,0.148,0.293,0.441,24,17
30,131,510,481,97,11,38,107,0.202,0.239,0.322,0.561,62,155
31,59,220,202,42,3,18,59,0.208,0.260,0.302,0.562,59,61
31,46,166,153,34,2,15,42,0.222,0.271,0.327,0.598,69,50
31,13,54,49,8,1,3,17,0.163,0.226,0.224,0.451,29,11
21,15,51,49,13,0,1,7,0.265,0.294,0.327,0.621,82,16
22,17,65,61,16,1,2,13,0.262,0.308,0.311,0.619,77,19
28,83,234,205,36,11,28,60,0.176,0.274,0.361,0.634,79,74
29,82,274,256,63,7,40,98,0.246,0.285,0.383,0.667,94,98
29,4,0,0,0,0,0,0,0.000,0.000,0.000,0.000,0,0
29,2,0,0,0,0,0,0,0.000,0.000,0.000,0.000,0,0
29,2,0,0,0,0,0,0,0.000,0.000,0.000,0.000,0,0
27,26,96,89,19,3,6,32,0.213,0.260,0.337,0.597,66,30
28,104,445,375,88,16,56,95,0.235,0.346,0.405,0.751,117,152
30,72,306,270,56,13,34,90,0.207,0.295,0.400,0.695,95,108
35,157,679,601,183,15,75,110,0.304,0.378,0.446,0.824,133,268
32,141,604,527,158,28,57,87,0.300,0.387,0.533,0.921,160,281
27,29,60,57,12,3,7,10,0.211,0.250,0.404,0.654,81,23
26,98,216,202,52,0,10,44,0.257,0.298,0.332,0.629,85,67
24,48,174,165,25,2,10,76,0.152,0.195,0.206,0.401,10,34
27,102,335,297,81,2,17,46,0.273,0.351,0.340,0.691,101,101
27,90,226,199,42,2,15,63,0.211,0.287,0.307,0.594,60,61
27,55,171,159,42,2,18,40,0.264,0.316,0.352,0.668,96,56
25,47,124,111,21,0,5,34,0.189,0.250,0.207,0.457,33,23
32,118,467,439,128,3,47,56,0.292,0.328,0.380,0.708,90,167
24,125,483,444,119,15,66,91,0.268,0.325,0.426,0.751,116,189
29,157,685,601,168,29,126,82,0.280,0.355,0.514,0.869,148,309
29,22,57,56,7,0,1,19,0.125,0.140,0.161,0.301,-14,9
26,104,325,301,64,7,24,108,0.213,0.268,0.339,0.607,75,102
26,56,178,166,40,4,14,60,0.241,0.292,0.367,0.660,92,61
26,48,147,135,24,3,10,48,0.178,0.238,0.304,0.542,54,41
29,115,353,335,83,11,43,62,0.248,0.283,0.388,0.671,90,130
29,156,647,552,147,17,71,102,0.266,0.362,0.422,0.784,128,233
29,103,437,375,113,14,57,61,0.301,0.384,0.493,0.877,153,185
29,53,210,177,34,3,14,41,0.192,0.316,0.271,0.587,75,48
36,132,546,478,106,15,62,148,0.222,0.308,0.374,0.682,94,179
34,119,425,386,99,7,27,71,0.256,0.317,0.370,0.687,94,143
24,26,102,98,20,5,14,39,0.204,0.235,0.418,0.654,83,41
27,33,131,114,29,2,12,25,0.254,0.331,0.404,0.734,109,46
24,52,198,181,40,2,13,66,0.221,0.284,0.343,0.627,83,62
25,122,498,449,115,20,79,80,0.256,0.319,0.452,0.771,121,203
26,29,49,47,10,0,2,15,0.213,0.245,0.255,0.500,46,12
28,125,510,443,119,9,56,98,0.269,0.349,0.391,0.739,111,173
24,73,253,213,42,2,16,50,0.197,0.307,0.249,0.556,63,53
28,2,0,0,0,0,0,0,0.000,0.000,0.000,0.000,0,0
27,21,49,46,11,2,8,4,0.239,0.245,0.391,0.636,76,18
30,2,4,4,1,0,0,1,0.250,0.250,0.250,0.500,37,1
33,20,62,60,11,0,0,15,0.183,0.210,0.250,0.460,30,15
23,153,664,524,127,27,62,96,0.242,0.401,0.452,0.853,149,237
23,101,436,342,84,21,46,62,0.246,0.408,0.485,0.894,159,166
23,52,228,182,43,6,16,34,0.236,0.388,0.390,0.778,130,71
24,76,274,253,64,12,30,61,0.253,0.296,0.447,0.742,111,113
21,132,560,511,145,28,75,145,0.284,0.345,0.509,0.853,147,260
29,152,658,575,140,15,58,103,0.243,0.331,0.391,0.723,111,225
25,1,0,0,0,0,0,0,0.000,0.000,0.000,0.000,0,0
33,1,0,0,0,0,0,0,0.000,0.000,0.000,0.000,0,0
37,128,532,468,130,13,81,89,0.278,0.350,0.438,0.788,116,205
34,17,57,48,6,1,3,23,0.125,0.263,0.208,0.471,41,10
28,1,1,1,0,0,0,0,0.000,0.000,0.000,0.000,-100,0
25,136,560,505,123,7,41,122,0.244,0.314,0.345,0.659,87,174
23,112,433,394,99,7,36,50,0.251,0.313,0.360,0.673,95,142
27,29,81,69,15,2,8,24,0.217,0.321,0.319,0.640,84,22
31,1,0,0,0,0,0,0,0.000,0.000,0.000,0.000,0,0
24,31,113,103,26,6,10,32,0.252,0.310,0.485,0.795,128,50
25,80,266,234,53,14,32,111,0.226,0.316,0.449,0.765,115,105
28,137,558,492,118,12,52,101,0.240,0.321,0.407,0.727,106,200
28,1,0,0,0,0,0,0,0.000,0.000,0.000,0.000,0,0
32,63,221,206,47,7,22,61,0.228,0.281,0.369,0.649,89,76
28,78,309,288,79,2,24,48,0.274,0.316,0.372,0.687,94,107
25,13,34,33,4,0,3,10,0.121,0.147,0.152,0.299,-14,5
25,7,23,23,2,0,0,5,0.087,0.087,0.087,0.174,-50,2
25,4,12,12,2,0,0,4,0.167,0.167,0.167,0.333,-5,2
25,6,11,10,2,0,3,5,0.200,0.273,0.300,0.573,68,3
25,3,11,11,0,0,0,1,0.000,0.000,0.000,0.000,-100,0
33,4,13,12,1,0,0,4,0.083,0.154,0.167,0.321,-11,2
31,63,186,168,37,1,13,32,0.220,0.286,0.286,0.572,61,48
31,60,175,157,34,1,12,28,0.217,0.287,0.287,0.574,61,45
31,3,11,11,3,0,1,4,0.273,0.273,0.273,0.545,58,3
25,47,151,139,25,2,13,42,0.180,0.216,0.302,0.518,50,42
28,1,0,0,0,0,0,0,0.000,0.000,0.000,0.000,0,0
24,2,2,2,1,1,3,0,0.500,0.500,2.000,2.500,574,4
26,56,127,117,17,5,17,33,0.145,0.197,0.308,0.505,45,36
34,125,424,388,76,12,49,136,0.196,0.257,0.330,0.587,67,128
31,134,497,430,108,15,47,88,0.251,0.339,0.430,0.770,118,185
23,12,26,25,4,0,4,9,0.160,0.192,0.240,0.432,23,6
27,25,60,59,8,2,5,17,0.136,0.136,0.271,0.407,7,16
30,42,181,160,49,5,14,27,0.306,0.376,0.475,0.851,127,76
38,51,159,139,25,4,15,29,0.180,0.266,0.295,0.561,60,41
31,145,583,526,134,14,78,99,0.255,0.315,0.386,0.701,90,203
30,66,162,150,35,9,18,48,0.233,0.284,0.433,0.717,104,65
32,83,248,229,52,10,31,52,0.227,0.264,0.389,0.653,84,89
25,106,278,256,54,5,28,75,0.211,0.264,0.340,0.603,70,87
26,18,62,56,8,3,5,19,0.143,0.226,0.304,0.529,54,17
25,2,0,0,0,0,0,0,0.000,0.000,0.000,0.000,0,0
29,155,669,577,126,46,94,200,0.218,0.323,0.504,0.827,130,291
24,34,98,91,23,3,11,29,0.253,0.306,0.418,0.724,104,38
25,150,609,544,140,30,107,95,0.257,0.330,0.478,0.808,128,260
28,77,251,217,45,8,26,51,0.207,0.305,0.359,0.665,88,78
26,146,548,498,120,17,52,132,0.241,0.301,0.404,0.705,103,201
24,108,347,290,66,14,40,71,0.228,0.340,0.448,0.788,126,130
22,11,36,35,4,1,1,12,0.114,0.139,0.229,0.367,2,8
23,99,341,314,82,5,34,88,0.261,0.309,0.366,0.675,93,115
31,97,315,300,63,3,20,65,0.210,0.233,0.267,0.500,42,80
25,58,174,160,27,5,11,54,0.169,0.224,0.288,0.512,44,46
28,16,39,36,6,3,4,14,0.167,0.211,0.472,0.683,86,17
33,1,0,0,0,0,0,0,0.000,0.000,0.000,0.000,0,0
21,1,4,3,1,0,0,2,0.333,0.500,0.333,0.833,143,1
22,18,59,55,22,1,9,13,0.400,0.414,0.582,0.996,180,32
22,5,16,14,4,0,2,3,0.286,0.375,0.286,0.661,93,4
36,43,156,145,26,1,9,36,0.179,0.231,0.234,0.465,34,34
28,121,493,453,132,5,52,83,0.291,0.343,0.400,0.743,113,181
26,1,0,0,0,0,0,0,0.000,0.000,0.000,0.000,0,0
24,10,28,25,2,0,2,9,0.080,0.115,0.080,0.195,-42,2
25,144,603,547,173,8,49,43,0.316,0.375,0.420,0.795,130,230
26,32,85,77,18,1,7,17,0.234,0.294,0.338,0.632,84,26
23,16,50,48,12,1,5,11,0.250,0.260,0.333,0.593,73,16
22,93,377,360,99,7,45,84,0.275,0.295,0.408,0.704,102,147
26,98,350,311,79,4,36,75,0.254,0.323,0.360,0.683,93,112
27,67,163,147,32,1,8,33,0.218,0.272,0.272,0.544,56,40
26,7,5,5,0,0,0,3,0.000,0.000,0.000,0.000,-100,0
25,127,511,489,129,17,52,79,0.264,0.294,0.429,0.724,103,210
24,98,401,380,108,12,56,77,0.284,0.319,0.426,0.746,109,162
26,55,166,151,34,3,15,50,0.225,0.283,0.298,0.581,71,45
25,119,472,406,97,16,47,99,0.239,0.335,0.404,0.739,110,164
31,76,206,181,40,3,17,54,0.221,0.301,0.326,0.627,82,59
27,57,167,155,33,1,11,50,0.213,0.265,0.271,0.536,53,42
31,135,568,500,113,22,69,179,0.226,0.308,0.402,0.710,106,201
31,82,344,298,67,13,48,110,0.225,0.317,0.416,0.733,113,124
31,53,224,202,46,9,21,69,0.228,0.295,0.381,0.676,95,77
28,1,0,0,0,0,0,0,0.000,0.000,0.000,0.000,0,0
28,1,0,0,0,0,0,0,0.000,0.000,0.000,0.000,0,0
25,79,136,127,30,1,6,44,0.236,0.287,0.315,0.602,71,40
25,71,124,115,27,1,3,40,0.235,0.290,0.313,0.603,72,36
25,8,12,12,3,0,3,4,0.250,0.250,0.333,0.583,63,4
26,45,96,91,15,0,5,25,0.165,0.200,0.242,0.442,25,22
29,103,388,371,85,9,39,75,0.229,0.255,0.342,0.597,72,127
22,9,23,22,7,0,2,5,0.318,0.348,0.364,0.711,103,8
29,150,644,578,172,32,102,133,0.298,0.366,0.531,0.898,159,307
35,5,17,14,2,0,2,1,0.143,0.235,0.143,0.378,10,2
27,36,140,132,31,1,17,27,0.235,0.257,0.311,0.568,61,41
31,124,507,470,106,23,56,122,0.226,0.274,0.413,0.687,89,194
31,161,724,657,163,26,83,120,0.248,0.304,0.429,0.733,108,282
25,3,6,5,1,0,0,4,0.200,0.333,0.200,0.533,62,1
23,2,5,4,1,0,0,1,0.250,0.400,0.250,0.650,92,1
30,1,0,0,0,0,0,0,0.000,0.000,0.000,0.000,0,0
33,140,542,462,123,13,61,97,0.266,0.367,0.403,0.770,122,186
27,27,100,96,22,1,8,22,0.229,0.250,0.281,0.531,52,27
26,10,21,20,4,1,3,9,0.200,0.238,0.450,0.688,81,9
27,22,72,61,12,1,4,24,0.197,0.306,0.279,0.584,74,17
27,22,62,52,7,1,3,8,0.135,0.274,0.250,0.524,52,13
27,18,53,44,6,1,2,6,0.136,0.283,0.273,0.556,61,12
37,2,0,0,0,0,0,0,0.000,0.000,0.000,0.000,0,0
30,8,25,21,3,0,1,4,0.143,0.280,0.143,0.423,25,3
22,16,41,36,6,1,3,12,0.167,0.268,0.278,0.546,58,10
35,113,379,344,64,15,45,116,0.186,0.248,0.352,0.600,69,121
33,85,207,184,34,6,18,54,0.185,0.255,0.321,0.576,64,59
29,20,47,43,4,0,1,8,0.093,0.170,0.163,0.333,-1,7
24,1,0,0,0,0,0,0,0.000,0.000,0.000,0.000,0,0
36,47,154,128,39,15,37,35,0.305,0.412,0.727,1.138,217,93
29,155,621,538,123,27,76,170,0.229,0.324,0.433,0.757,115,233
31,13,37,34,5,2,3,13,0.147,0.216,0.324,0.540,54,11
31,5,13,10,1,1,1,3,0.100,0.308,0.400,0.708,100,4
31,8,24,24,4,1,2,10,0.167,0.167,0.292,0.458,31,7
31,77,247,228,57,2,16,50,0.250,0.308,0.311,0.619,77,71
27,22,23,18,1,1,1,14,0.056,0.227,0.222,0.449,31,4
28,162,699,616,148,34,103,170,0.240,0.325,0.477,0.802,122,294
31,93,272,244,60,3,23,78,0.246,0.320,0.332,0.652,78,81
31,92,272,244,60,3,23,78,0.246,0.320,0.332,0.652,78,81
31,1,0,0,0,0,0,0,0.000,0.000,0.000,0.000,0,0
27,10,14,11,1,1,2,4,0.091,0.286,0.364,0.649,78,4
25,117,357,325,80,6,32,70,0.246,0.297,0.351,0.648,83,114
24,18,65,57,13,2,10,25,0.228,0.323,0.386,0.709,105,22
27,23,57,52,5,1,4,16,0.096,0.158,0.173,0.331,-3,9
22,1,0,0,0,0,0,0,0.000,0.000,0.000,0.000,0,0
27,6,17,16,2,1,4,4,0.125,0.118,0.313,0.430,17,5
27,152,596,535,118,0,32,87,0.221,0.291,0.273,0.564,65,146
27,141,480,436,99,0,20,63,0.227,0.281,0.273,0.554,58,119
29,115,446,388,88,9,43,66,0.227,0.318,0.348,0.666,93,135
31,136,565,464,91,21,69,141,0.196,0.329,0.384,0.713,96,178
27,53,166,151,34,0,10,33,0.225,0.261,0.285,0.546,55,43
31,102,375,333,60,9,30,112,0.180,0.267,0.303,0.571,62,101
25,26,75,63,10,2,5,29,0.159,0.280,0.270,0.550,59,17
31,124,456,414,105,9,43,109,0.254,0.313,0.357,0.670,90,148
35,64,277,243,70,5,26,30,0.288,0.370,0.416,0.785,125,101
26,129,426,401,92,14,49,126,0.229,0.265,0.389,0.654,82,156
29,1,0,0,0,0,0,0,0.000,0.000,0.000,0.000,0,0
29,1,0,0,0,0,0,0,0.000,0.000,0.000,0.000,0,0
21,114,441,414,123,19,64,107,0.297,0.339,0.514,0.853,135,213
27,58,152,134,26,0,17,37,0.194,0.276,0.284,0.560,62,38
24,52,194,173,42,4,17,46,0.243,0.307,0.376,0.683,93,65
26,39,103,91,13,1,4,26,0.143,0.228,0.187,0.415,15,17
26,34,93,82,13,1,4,22,0.159,0.242,0.207,0.449,24,17
26,5,10,9,0,0,0,4,0.000,0.100,0.000,0.100,-68,0
29,45,132,121,18,6,14,32,0.149,0.214,0.298,0.511,43,36
29,39,116,107,16,6,11,26,0.150,0.209,0.318,0.526,46,34
29,6,16,14,2,0,3,6,0.143,0.250,0.143,0.393,18,2
22,9,24,24,4,0,0,7,0.167,0.167,0.167,0.333,-9,4
26,25,69,61,12,0,0,12,0.197,0.279,0.230,0.509,48,14
23,31,120,111,24,2,12,44,0.216,0.275,0.378,0.653,73,42
27,36,147,128,32,0,11,17,0.250,0.347,0.328,0.675,99,42
24,37,112,106,18,3,8,44,0.170,0.207,0.302,0.509,42,32
24,19,62,60,12,3,6,25,0.200,0.226,0.417,0.642,78,25
24,18,50,46,6,0,2,19,0.130,0.184,0.152,0.336,-3,7
27,31,73,61,7,0,4,27,0.115,0.250,0.148,0.398,17,9
27,14,35,33,6,0,3,15,0.182,0.200,0.242,0.442,27,8
27,19,45,37,8,0,1,11,0.216,0.356,0.297,0.653,88,11
39,112,433,397,101,5,43,101,0.254,0.305,0.317,0.622,83,126
33,140,507,471,111,6,36,61,0.236,0.283,0.323,0.605,72,152
29,20,71,60,5,1,3,25,0.083,0.211,0.133,0.345,3,8
22,18,50,47,8,1,8,13,0.170,0.200,0.255,0.455,25,12
28,69,160,141,36,6,23,48,0.255,0.344,0.418,0.762,117,59
29,50,149,131,27,3,10,40,0.206,0.302,0.313,0.615,77,41
29,44,137,120,26,3,8,38,0.217,0.314,0.333,0.647,86,40
29,28,99,91,21,3,5,26,0.231,0.293,0.374,0.667,88,34
29,6,12,11,1,0,2,2,0.091,0.167,0.091,0.258,-24,1
29,1,4,4,1,0,2,0,0.250,0.250,0.250,0.500,42,1
29,16,38,29,5,0,3,12,0.172,0.368,0.207,0.575,76,6
29,5,8,7,0,0,0,2,0.000,0.125,0.000,0.125,-60,0
33,78,285,252,54,7,25,75,0.214,0.295,0.345,0.640,74,87
30,119,499,438,124,40,80,139,0.283,0.369,0.630,0.999,178,276
31,148,558,485,104,17,57,141,0.214,0.305,0.392,0.697,96,190
31,36,123,115,17,5,16,46,0.148,0.195,0.304,0.499,44,35
26,8,17,16,3,0,0,6,0.188,0.235,0.188,0.423,27,3
31,54,215,188,39,10,24,53,0.207,0.298,0.404,0.702,99,76
31,57,247,224,55,11,34,65,0.246,0.308,0.429,0.736,114,96
23,129,534,460,100,18,62,131,0.217,0.313,0.393,0.706,99,181
26,9,14,11,2,1,3,8,0.182,0.357,0.455,0.812,129,5
29,142,639,572,154,35,82,104,0.269,0.340,0.533,0.873,136,305
32,1,0,0,0,0,0,0,0.000,0.000,0.000,0.000,0,0
32,1,0,0,0,0,0,0,0.000,0.000,0.000,0.000,0,0
27,12,27,24,8,0,2,11,0.333,0.407,0.375,0.782,120,9
26,4,9,8,2,0,2,3,0.250,0.222,0.375,0.597,65,3
25,44,122,106,28,1,12,30,0.264,0.331,0.387,0.717,103,41
27,9,40,36,9,0,9,5,0.250,0.275,0.389,0.664,85,14
26,157,645,593,179,27,76,147,0.302,0.358,0.492,0.851,141,292
41,124,507,448,105,10,64,119,0.234,0.313,0.337,0.651,90,151
23,77,206,185,38,6,26,65,0.205,0.286,0.373,0.659,85,69
32,17,54,52,12,3,7,15,0.231,0.259,0.442,0.702,95,23
23,100,326,299,62,4,19,64,0.207,0.256,0.291,0.547,60,87
30,136,558,524,138,13,62,130,0.263,0.305,0.389,0.694,95,204
25,72,240,217,50,9,24,45,0.230,0.304,0.392,0.696,96,85
26,136,443,405,110,9,50,105,0.272,0.316,0.427,0.743,113,173
25,59,228,209,52,0,7,27,0.249,0.305,0.282,0.588,68,59
25,34,85,72,18,5,17,29,0.250,0.341,0.514,0.855,138,37
25,14,31,29,4,2,6,12,0.138,0.194,0.379,0.573,60,11
23,49,182,158,29,7,20,66,0.184,0.271,0.386,0.657,84,61
27,13,33,30,5,0,3,10,0.167,0.242,0.300,0.542,54,9
27,22,25,20,3,0,0,5,0.150,0.292,0.200,0.492,46,4
27,7,13,12,2,0,0,5,0.167,0.231,0.167,0.397,11,2
25,135,517,481,135,10,55,57,0.281,0.327,0.410,0.736,107,197
30,15,45,43,5,0,1,23,0.116,0.156,0.163,0.318,-9,7
32,1,0,0,0,0,0,0,0.000,0.000,0.000,0.000,0,0
31,148,620,557,163,30,103,72,0.293,0.358,0.533,0.891,154,297
22,89,313,283,64,14,35,103,0.226,0.300,0.420,0.721,106,119
24,28,94,86,21,2,13,31,0.244,0.309,0.372,0.681,96,32
27,14,41,33,4,0,2,10,0.121,0.244,0.152,0.395,10,5
30,62,197,185,44,5,21,42,0.238,0.279,0.378,0.658,84,70
30,84,296,262,54,4,23,57,0.206,0.292,0.305,0.597,71,80
23,87,361,331,77,17,54,126,0.233,0.294,0.450,0.744,107,149
27,10,22,20,1,0,1,9,0.050,0.136,0.050,0.186,-44,1
24,91,382,362,107,11,43,75,0.296,0.327,0.461,0.789,125,167
27,12,16,12,2,0,0,4,0.167,0.375,0.167,0.542,65,2
27,22,57,50,7,0,6,17,0.140,0.228,0.140,0.368,9,7
27,6,14,13,0,0,0,5,0.000,0.071,0.000,0.071,-77,0
22,18,57,49,15,1,2,9,0.306,0.404,0.429,0.832,139,21
23,44,171,154,38,6,19,44,0.247,0.312,0.429,0.740,109,66
23,8,10,9,6,0,3,1,0.667,0.700,0.667,1.367,296,6
25,130,472,424,103,6,51,93,0.243,0.301,0.351,0.652,89,149
25,64,269,247,61,8,35,47,0.247,0.294,0.409,0.703,95,101
29,74,229,201,46,6,30,58,0.229,0.310,0.383,0.693,95,77
28,5,16,15,4,0,0,2,0.267,0.313,0.267,0.579,68,4
28,24,72,68,13,1,6,9,0.191,0.214,0.294,0.508,45,20
30,134,534,469,97,25,66,183,0.207,0.298,0.426,0.725,102,200
28,77,237,210,33,6,25,79,0.157,0.245,0.286,0.530,53,60
34,151,651,561,178,35,115,141,0.317,0.404,0.578,0.981,180,324
32,3,0,0,0,0,0,0,0.000,0.000,0.000,0.000,0,0
26,75,277,245,54,9,33,67,0.220,0.300,0.367,0.667,89,90
25,15,35,28,4,0,4,8,0.143,0.314,0.143,0.457,37,4
28,8,21,18,4,0,1,7,0.222,0.333,0.333,0.667,92,6
28,1,0,0,0,0,0,0,0.000,0.000,0.000,0.000,0,0
27,8,11,7,1,0,0,1,0.143,0.400,0.286,0.686,102,2
25,32,102,92,19,4,11,35,0.207,0.284,0.380,0.665,87,35
26,2,0,0,0,0,0,0,0.000,0.000,0.000,0.000,0,0
33,34,77,74,11,0,2,24,0.149,0.182,0.176,0.357,2,13
33,12,24,23,6,0,0,6,0.261,0.292,0.261,0.553,57,6
33,22,53,51,5,0,2,18,0.098,0.132,0.137,0.269,-23,7
25,141,614,555,164,27,88,114,0.295,0.358,0.521,0.879,141,289
31,118,371,316,76,7,35,74,0.241,0.331,0.358,0.688,95,113
28,128,433,411,109,7,52,81,0.265,0.292,0.380,0.672,91,156
27,2,5,3,0,0,0,2,0.000,0.400,0.000,0.400,30,0
28,118,445,403,100,16,51,98,0.248,0.305,0.414,0.720,103,167
30,140,538,506,131,19,73,127,0.259,0.299,0.425,0.724,92,215
27,12,33,28,4,0,3,8,0.143,0.250,0.179,0.429,25,5
27,7,26,22,3,0,2,14,0.136,0.231,0.182,0.413,20,4
27,19,53,50,9,0,4,16,0.180,0.212,0.200,0.412,21,10
27,10,29,25,1,0,1,10,0.040,0.138,0.040,0.178,-46,1
26,1,2,2,0,0,0,1,0.000,0.000,0.000,0.000,-100,0
25,25,83,80,17,2,10,35,0.213,0.241,0.325,0.566,64,26
29,1,0,0,0,0,0,0,0.000,0.000,0.000,0.000,0,0
29,1,0,0,0,0,0,0,0.000,0.000,0.000,0.000,0,0
28,1,0,0,0,0,0,0,0.000,0.000,0.000,0.000,0,0
29,156,672,589,145,30,79,169,0.246,0.332,0.462,0.794,122,272
35,1,0,0,0,0,0,0,0.000,0.000,0.000,0.000,0,0
27,6,13,9,0,0,2,5,0.000,0.154,0.000,0.154,-49,0
25,54,123,112,26,0,10,20,0.232,0.293,0.286,0.578,69,32
28,1,0,0,0,0,0,0,0.000,0.000,0.000,0.000,0,0
26,48,155,142,25,5,10,46,0.176,0.245,0.310,0.555,60,44
21,93,418,376,95,5,42,120,0.253,0.321,0.362,0.682,99,136
32,1,3,3,1,0,0,0,0.333,0.333,0.667,1.000,177,2
31,57,177,153,47,6,21,46,0.307,0.384,0.497,0.881,143,76
32,129,477,411,86,7,45,129,0.209,0.310,0.311,0.622,80,128
32,46,157,138,30,5,22,39,0.217,0.306,0.370,0.675,89,51
32,83,320,273,56,2,23,90,0.205,0.313,0.282,0.595,76,77
33,21,69,60,14,2,8,25,0.233,0.333,0.367,0.700,98,22
39,33,104,100,15,1,4,25,0.150,0.183,0.190,0.373,8,19
39,12,43,41,8,1,3,11,0.195,0.233,0.268,0.501,44,11
39,12,34,33,3,0,1,10,0.091,0.118,0.091,0.209,-37,3
39,9,27,26,4,0,0,4,0.154,0.185,0.192,0.377,6,5
38,67,220,195,35,4,22,67,0.179,0.265,0.287,0.552,58,56
23,71,278,253,59,11,27,74,0.233,0.299,0.427,0.725,102,108
29,44,87,79,17,0,7,36,0.215,0.287,0.304,0.591,71,24
29,23,40,37,6,0,3,15,0.162,0.225,0.189,0.414,19,7
29,21,47,42,11,0,4,21,0.262,0.340,0.405,0.745,118,17
25,32,109,105,25,2,11,39,0.238,0.257,0.352,0.609,71,37
24,119,533,467,124,15,50,126,0.266,0.351,0.413,0.764,114,193
25,1,0,0,0,0,0,0,0.000,0.000,0.000,0.000,0,0
27,16,36,32,4,0,2,11,0.125,0.222,0.156,0.378,11,5
27,14,29,25,4,0,2,7,0.160,0.276,0.200,0.476,38,5
28,135,472,426,88,13,53,109,0.207,0.275,0.357,0.632,79,152
27,10,32,30,8,0,0,12,0.267,0.313,0.267,0.579,72,8
23,12,41,40,12,2,5,5,0.300,0.317,0.550,0.867,145,22
27,3,7,7,0,0,0,3,0.000,0.000,0.000,0.000,-100,0
27,8,17,17,1,0,1,7,0.059,0.059,0.059,0.118,-66,1
25,67,236,212,44,7,27,62,0.208,0.285,0.363,0.648,86,77
24,26,84,73,13,1,6,22,0.178,0.244,0.233,0.477,41,17
25,104,172,156,37,2,11,55,0.237,0.294,0.340,0.634,80,53
27,13,27,26,4,0,1,6,0.154,0.185,0.154,0.339,-6,4
25,145,609,555,139,22,85,154,0.250,0.305,0.423,0.729,105,235
28,67,145,134,32,1,16,35,0.239,0.290,0.321,0.611,73,43
26,5,15,14,2,0,0,5,0.143,0.200,0.143,0.343,0,2
26,4,15,14,2,0,0,5,0.143,0.200,0.143,0.343,0,2
26,1,0,0,0,0,0,0,0.000,0.000,0.000,0.000,0,0
32,114,473,445,113,23,76,109,0.254,0.292,0.465,0.757,110,207
28,83,201,176,45,5,23,53,0.256,0.335,0.403,0.738,116,71
28,70,200,174,32,2,14,57,0.184,0.280,0.264,0.544,48,46
24,44,132,121,29,4,10,42,0.240,0.303,0.372,0.675,93,45
33,33,86,71,12,0,4,27,0.169,0.298,0.211,0.509,51,15
33,8,21,15,2,0,0,4,0.133,0.381,0.133,0.514,59,2
33,25,65,56,10,0,4,23,0.179,0.270,0.232,0.502,48,13
27,1,0,0,0,0,0,0,0.000,0.000,0.000,0.000,0,0
32,1,0,0,0,0,0,0,0.000,0.000,0.000,0.000,0,0
29,3,0,0,0,0,0,0,0.000,0.000,0.000,0.000,0,0
28,1,0,0,0,0,0,0,0.000,0.000,0.000,0.000,0,0
26,27,97,74,22,3,11,25,0.297,0.454,0.500,0.954,157,37
27,2,4,4,1,0,0,2,0.250,0.250,0.250,0.500,42,1
28,2,0,0,0,0,0,0,0.000,0.000,0.000,0.000,0,0
23,17,29,26,4,0,1,10,0.154,0.214,0.154,0.368,7,4
28,61,205,178,48,2,21,64,0.270,0.347,0.382,0.729,107,68
27,2,7,7,0,0,0,4,0.000,0.000,0.000,0.000,-100,0
25,93,224,205,45,6,29,57,0.220,0.261,0.356,0.617,75,73
25,71,186,170,41,6,26,45,0.241,0.283,0.406,0.688,94,69
25,22,38,35,4,0,3,12,0.114,0.158,0.114,0.272,-18,4
25,38,126,111,21,1,9,31,0.189,0.278,0.243,0.521,51,27
29,150,555,500,115,25,73,146,0.230,0.305,0.444,0.749,116,222
32,1,0,0,0,0,0,0,0.000,0.000,0.000,0.000,0,0
24,40,153,142,31,6,22,53,0.218,0.261,0.430,0.691,98,61
27,1,0,0,0,0,0,0,0.000,0.000,0.000,0.000,0,0
27,1,4,4,3,0,3,0,0.750,0.750,1.250,2.000,448,5
23,9,9,7,1,0,0,2,0.143,0.250,0.143,0.393,16,1
28,42,116,106,21,4,13,30,0.198,0.259,0.330,0.589,71,35
24,28,108,95,20,2,8,26,0.211,0.306,0.326,0.632,72,31
22,110,404,360,73,8,28,99,0.203,0.285,0.319,0.604,77,115
33,118,505,466,136,16,63,97,0.292,0.347,0.468,0.814,132,218
25,5,16,14,1,1,1,4,0.071,0.188,0.286,0.473,34,4
31,42,139,126,24,5,14,48,0.190,0.252,0.341,0.593,71,43
37,70,191,168,27,7,23,46,0.161,0.241,0.321,0.562,63,54
28,29,80,72,11,0,4,41,0.153,0.225,0.222,0.447,28,16
28,17,41,36,4,0,0,25,0.111,0.220,0.167,0.386,13,6
28,12,39,36,7,0,4,16,0.194,0.231,0.278,0.509,43,10
28,8,19,17,3,0,0,12,0.176,0.263,0.176,0.440,30,3
28,9,22,19,1,0,0,13,0.053,0.182,0.158,0.340,-2,3
24,147,638,563,168,6,52,60,0.298,0.373,0.400,0.772,124,225
30,1,0,0,0,0,0,0,0.000,0.000,0.000,0.000,0,0
33,6,19,19,3,0,1,8,0.158,0.158,0.158,0.316,-7,3
26,27,84,76,21,4,10,27,0.276,0.309,0.539,0.848,136,41
26,46,110,97,24,5,6,34,0.247,0.336,0.464,0.800,116,45
26,43,107,94,24,5,6,32,0.255,0.346,0.479,0.825,122,45
26,38,99,86,24,5,6,29,0.279,0.374,0.523,0.897,141,45
26,3,3,3,0,0,0,2,0.000,0.000,0.000,0.000,-100,0
26,5,8,8,0,0,0,3,0.000,0.000,0.000,0.000,-100,0
27,1,0,0,0,0,0,0,0.000,0.000,0.000,0.000,0,0
29,4,0,0,0,0,0,0,0.000,0.000,0.000,0.000,0,0
28,1,1,1,0,0,0,0,0.000,0.000,0.000,0.000,-100,0
32,2,6,6,1,0,0,3,0.167,0.167,0.167,0.333,-9,1
31,1,0,0,0,0,0,0,0.000,0.000,0.000,0.000,0,0
31,1,0,0,0,0,0,0,0.000,0.000,0.000,0.000,0,0
24,43,117,102,20,4,10,33,0.196,0.284,0.402,0.686,99,41
25,142,466,407,70,8,33,120,0.172,0.268,0.285,0.553,63,116
28,135,564,495,139,23,65,120,0.281,0.360,0.473,0.833,135,234
29,131,535,499,133,25,77,152,0.267,0.316,0.491,0.807,127,245
31,10,8,7,1,0,0,3,0.143,0.143,0.143,0.286,-17,1
25,40,103,89,23,1,12,19,0.258,0.340,0.337,0.677,94,30
26,140,541,488,127,14,62,89,0.260,0.322,0.400,0.722,103,195
29,79,351,332,100,6,25,55,0.301,0.339,0.395,0.734,108,131
32,12,25,25,2,0,1,9,0.080,0.080,0.080,0.160,-53,2
29,38,46,43,8,2,4,7,0.186,0.239,0.349,0.588,66,15
26,72,258,225,54,8,25,40,0.240,0.314,0.436,0.750,101,98
31,14,42,33,10,1,1,13,0.303,0.439,0.455,0.894,164,15
28,98,313,284,68,3,28,76,0.239,0.276,0.324,0.600,72,92
27,16,43,37,7,0,6,12,0.189,0.279,0.189,0.468,37,7
35,2,0,0,0,0,0,0,0.000,0.000,0.000,0.000,0,0
33,60,195,180,43,2,14,30,0.239,0.282,0.350,0.632,78,63
34,144,622,554,131,17,63,167,0.236,0.312,0.374,0.686,87,207
34,91,387,340,81,11,39,100,0.238,0.320,0.374,0.694,88,127
34,53,235,214,50,6,24,67,0.234,0.298,0.374,0.672,86,80
30,147,558,497,117,7,46,69,0.235,0.307,0.334,0.641,88,166
30,2,4,4,0,0,0,3,0.000,0.000,0.000,0.000,-100,0
25,1,3,3,0,0,0,1,0.000,0.000,0.000,0.000,-100,0
33,107,426,396,106,18,60,90,0.268,0.319,0.472,0.791,119,187
27,1,1,0,0,0,0,0,0.000,1.000,0.000,0.000,0,0
31,44,64,55,9,0,2,10,0.164,0.281,0.164,0.445,33,9
31,43,63,54,9,0,2,9,0.167,0.286,0.167,0.452,35,9
31,1,1,1,0,0,0,1,0.000,0.000,0.000,0.000,-100,0
32,7,19,19,0,0,0,7,0.000,0.000,0.000,0.000,-100,0
24,5,9,9,1,0,0,4,0.111,0.111,0.111,0.222,-37,1
31,80,255,219,56,13,41,93,0.256,0.353,0.507,0.860,135,111
31,74,239,205,55,13,39,86,0.268,0.364,0.537,0.901,145,110
31,6,16,14,1,0,2,7,0.071,0.188,0.071,0.259,-20,1
29,160,708,652,194,21,100,131,0.298,0.343,0.466,0.809,121,304
25,152,524,451,83,17,53,150,0.184,0.284,0.341,0.626,83,154
27,4,0,0,0,0,0,0,0.000,0.000,0.000,0.000,0,0
25,51,180,160,37,5,18,57,0.231,0.306,0.406,0.712,104,65
29,94,396,357,85,16,66,122,0.238,0.303,0.434,0.737,102,155
30,2,0,0,0,0,0,0,0.000,0.000,0.000,0.000,0,0
30,143,587,519,124,18,63,135,0.239,0.319,0.391,0.710,101,203
30,92,401,354,95,10,41,86,0.268,0.347,0.404,0.751,113,143
30,51,186,165,29,8,22,49,0.176,0.258,0.364,0.622,75,60
22,27,95,76,15,5,12,23,0.197,0.358,0.408,0.766,113,31
31,94,308,281,62,1,16,74,0.221,0.287,0.267,0.554,64,75
22,49,177,160,33,2,13,44,0.206,0.256,0.306,0.562,58,49
27,1,1,1,0,0,0,1,0.000,0.000,0.000,0.000,-100,0
32,2,1,1,0,0,0,1,0.000,0.000,0.000,0.000,-100,0
31,2,0,0,0,0,0,0,0.000,0.000,0.000,0.000,0,0
23,24,86,77,19,0,3,11,0.247,0.314,0.286,0.600,76,22
31,62,174,157,34,0,9,17,0.217,0.276,0.268,0.544,56,42
31,10,16,15,4,0,1,4,0.267,0.267,0.400,0.667,88,6
31,52,158,142,30,0,8,13,0.211,0.277,0.254,0.531,52,36
31,105,334,310,71,11,46,93,0.229,0.282,0.423,0.705,93,131
31,56,204,187,46,7,33,53,0.246,0.305,0.444,0.749,101,83
31,49,130,123,25,4,13,40,0.203,0.246,0.390,0.636,80,48
25,58,184,157,31,2,16,46,0.197,0.299,0.261,0.560,62,41
27,1,0,0,0,0,0,0,0.000,0.000,0.000,0.000,0,0
25,50,183,166,53,6,35,47,0.319,0.372,0.482,0.854,130,80
27,1,0,0,0,0,0,0,0.000,0.000,0.000,0.000,0,0
28,120,405,373,87,17,51,102,0.233,0.286,0.442,0.729,104,165
21,41,156,141,41,5,18,34,0.291,0.353,0.440,0.792,121,62
28,95,314,272,54,9,34,67,0.199,0.300,0.342,0.642,83,93
27,1,0,0,0,0,0,0,0.000,0.000,0.000,0.000,0,0
25,132,407,366,82,6,33,104,0.224,0.273,0.311,0.584,70,114
24,52,162,147,24,3,16,37,0.163,0.228,0.259,0.487,43,38
28,73,253,223,49,1,13,47,0.220,0.300,0.287,0.587,73,64
24,72,298,258,76,10,26,34,0.295,0.383,0.450,0.832,135,116
25,8,7,5,1,0,0,1,0.200,0.429,0.200,0.629,90,1
23,160,706,638,175,32,97,116,0.274,0.339,0.480,0.818,132,306
21,83,344,314,87,6,33,33,0.277,0.328,0.417,0.746,117,131
33,139,550,504,126,11,58,85,0.250,0.298,0.375,0.673,90,189
33,95,420,383,92,6,42,61,0.240,0.290,0.352,0.643,82,135
33,44,130,121,34,5,16,24,0.281,0.323,0.446,0.769,118,54
31,77,286,261,68,7,41,86,0.261,0.315,0.398,0.713,108,104
24,28,61,55,10,0,3,19,0.182,0.250,0.200,0.450,33,11
24,11,45,42,15,1,8,4,0.357,0.400,0.500,0.900,159,21
27,1,1,1,0,0,0,1,0.000,0.000,0.000,0.000,-100,0
25,112,392,365,88,8,31,82,0.241,0.284,0.367,0.651,89,134
24,97,376,334,93,20,45,104,0.278,0.354,0.506,0.860,138,169
30,21,55,54,13,1,4,3,0.241,0.255,0.296,0.551,56,16
27,2,5,5,0,0,0,3,0.000,0.000,0.000,0.000,-100,0
27,2,1,1,0,0,1,0,0.000,0.000,0.000,0.000,-100,0
27,1,0,0,0,0,0,0,0.000,0.000,0.000,0.000,0,0
30,113,487,416,101,22,55,103,0.243,0.349,0.466,0.815,128,194
26,139,617,563,134,31,98,166,0.238,0.298,0.458,0.756,112,258
30,3,6,6,0,0,0,1,0.000,0.000,0.000,0.000,-100,0
30,151,602,525,120,19,71,103,0.229,0.316,0.394,0.710,100,207
27,15,22,19,2,0,1,6,0.105,0.227,0.158,0.385,16,3
27,4,6,4,0,0,0,3,0.000,0.333,0.000,0.333,10,0
31,12,42,42,12,0,3,8,0.286,0.286,0.310,0.595,60,13
29,150,631,557,171,15,73,118,0.307,0.377,0.456,0.833,131,254
34,94,327,305,82,9,41,74,0.269,0.312,0.410,0.722,108,125
39,78,270,262,56,5,24,40,0.214,0.233,0.302,0.535,53,79
23,6,9,8,1,0,1,2,0.125,0.222,0.250,0.472,35,2
27,1,3,2,0,0,0,1,0.000,0.333,0.000,0.333,10,0
34,86,293,277,65,8,31,47,0.235,0.260,0.365,0.625,75,101
30,137,558,473,140,9,57,60,0.296,0.401,0.423,0.824,143,200
33,99,376,327,66,5,27,79,0.202,0.301,0.269,0.570,64,88
29,31,83,73,17,1,8,17,0.233,0.325,0.342,0.668,90,25
27,1,1,1,0,0,0,1,0.000,0.000,0.000,0.000,-100,0
30,17,44,37,4,0,2,13,0.108,0.214,0.108,0.322,-6,4
30,14,44,37,4,0,2,13,0.108,0.214,0.108,0.322,-6,4
30,3,0,0,0,0,0,0,0.000,0.000,0.000,0.000,0,0
28,113,408,372,112,2,34,58,0.301,0.349,0.384,0.733,97,143
24,12,28,24,2,0,0,4,0.083,0.154,0.083,0.237,-29,2
25,135,561,470,144,37,97,106,0.306,0.406,0.613,1.019,187,288
30,50,193,170,29,2,19,50,0.171,0.249,0.229,0.478,37,39
26,69,190,168,35,4,15,59,0.208,0.289,0.315,0.605,75,53
26,51,141,126,28,3,13,41,0.222,0.291,0.333,0.624,81,42
26,36,105,96,25,3,12,27,0.260,0.305,0.385,0.690,101,37
26,18,49,42,7,1,2,18,0.167,0.286,0.262,0.548,57,11
26,4,10,10,0,0,0,7,0.000,0.000,0.000,0.000,-100,0
26,11,26,20,3,0,1,7,0.150,0.346,0.250,0.596,70,5
38,146,584,545,132,8,53,73,0.242,0.288,0.360,0.647,84,196
25,1,1,1,0,0,0,1,0.000,0.000,0.000,0.000,-100,0
27,3,6,6,0,0,0,5,0.000,0.000,0.000,0.000,-100,0
27,1,3,3,0,0,0,2,0.000,0.000,0.000,0.000,-100,0
27,1,0,0,0,0,0,0,0.000,0.000,0.000,0.000,0,0
25,1,0,0,0,0,0,0,0.000,0.000,0.000,0.000,0,0
25,1,0,0,0,0,0,0,0.000,0.000,0.000,0.000,0,0
28,16,34,34,9,0,3,10,0.265,0.265,0.294,0.559,61,10
27,3,0,0,0,0,0,0,0.000,0.000,0.000,0.000,0,0
27,4,9,8,1,0,1,2,0.125,0.222,0.125,0.347,2,1
27,1,0,0,0,0,0,0,0.000,0.000,0.000,0.000,0,0
27,1,0,0,0,0,0,0,0.000,0.000,0.000,0.000,0,0
